id,subreddit1,subreddit2,subreddit3,subreddit4,subreddit,,,,,,
0,Canberra,Canberra,Canberra,Ottawa,Geneva,,0,,,,Canberra
1,Boston,Boston,Boston,Boston,Boston,,0,,,,Canberra
2,Ottawa,Ottawa,Boston,Boston,Geneva,,0,,,,Canberra
3,Canberra,Canberra,Canberra,Canberra,Canberra,,1,,,,Canberra
4,Ottawa,Ottawa,Ottawa,Ottawa,Ottawa,,0,,,,Canberra
5,Canberra,Canberra,Canberra,Canberra,Canberra,,1,,,,Canberra
6,Boston,Boston,Boston,Boston,Boston,,0,,,,Canberra
7,Canberra,Canberra,Canberra,Canberra,Canberra,,1,,,,Canberra
8,Canberra,Canberra,Canberra,Canberra,Canberra,,1,,,Canberra,Canberra
9,Canberra,Canberra,Canberra,Canberra,Canberra,,1,,,Ottawa,Canberra
10,Canberra,Canberra,Canberra,Ottawa,Ottawa,,0,,,Boston,Canberra
11,Canberra,Canberra,Canberra,Canberra,Canberra,,1,,,Geneva,Canberra
12,Ottawa,Ottawa,Boston,Ottawa,Boston,,0,,,,Canberra
13,Canberra,Canberra,Canberra,Canberra,Ottawa,,0,,,,Canberra
14,Boston,Canberra,Boston,Boston,Canberra,,1,,,,Canberra
15,Boston,Boston,Boston,Boston,Geneva,,0,,,,Canberra
16,Canberra,Canberra,Canberra,Ottawa,Canberra,,1,,,,Canberra
17,Canberra,Canberra,Canberra,Canberra,Canberra,,1,,,,Canberra
18,Canberra,Canberra,Canberra,Canberra,Canberra,,1,,,,Canberra
19,Canberra,Canberra,Canberra,Canberra,Ottawa,,0,,,,Canberra
20,Boston,Boston,Boston,Boston,Boston,,0,,,,Canberra
21,Canberra,Canberra,Canberra,Canberra,Canberra,,1,,,,Canberra
22,Canberra,Canberra,Canberra,Canberra,Canberra,,1,,,,Canberra
23,Canberra,Canberra,Canberra,Canberra,Canberra,,1,,,,Canberra
24,Canberra,Canberra,Canberra,Canberra,Canberra,,1,,,,Canberra
25,Canberra,Canberra,Canberra,Canberra,Canberra,,1,,,,Canberra
26,Canberra,Canberra,Canberra,Canberra,Canberra,,1,,,,Canberra
27,Canberra,Canberra,Canberra,Canberra,Canberra,,1,,,,Canberra
28,Geneva,Geneva,Geneva,Geneva,Geneva,,0,,,,Canberra
29,Ottawa,Ottawa,Ottawa,Ottawa,Ottawa,,0,,,,Canberra
30,Canberra,Canberra,Canberra,Canberra,Canberra,,1,,,,Canberra
31,Canberra,Canberra,Canberra,Canberra,Canberra,,1,,,,Canberra
32,Canberra,Canberra,Canberra,Canberra,Canberra,,1,,,,Canberra
33,Canberra,Canberra,Canberra,Canberra,Canberra,,1,,,,Canberra
34,Canberra,Canberra,Canberra,Canberra,Canberra,,1,,,,Canberra
35,Canberra,Canberra,Canberra,Canberra,Canberra,,1,,,,Canberra
36,Canberra,Canberra,Canberra,Canberra,Canberra,,1,,,,Canberra
37,Canberra,Canberra,Canberra,Canberra,Canberra,,1,,,,Canberra
38,Canberra,Canberra,Canberra,Canberra,Canberra,,1,,,,Canberra
39,Canberra,Canberra,Canberra,Canberra,Canberra,,1,,,,Canberra
40,Canberra,Canberra,Canberra,Canberra,Canberra,,1,,,,Canberra
41,Canberra,Canberra,Canberra,Canberra,Canberra,,1,,,,Canberra
42,Canberra,Canberra,Canberra,Canberra,Canberra,,1,,,,Canberra
43,Geneva,Geneva,Geneva,Geneva,Canberra,,1,,,,Canberra
44,Canberra,Canberra,Canberra,Canberra,Canberra,,1,,,,Canberra
45,Geneva,Geneva,Geneva,Geneva,Geneva,,0,,,,Canberra
46,Canberra,Canberra,Canberra,Canberra,Canberra,,1,,,,Canberra
47,Canberra,Boston,Canberra,Boston,Canberra,,1,,,,Canberra
48,Boston,Boston,Canberra,Canberra,Canberra,,1,,,,Canberra
49,Canberra,Canberra,Canberra,Boston,Canberra,,1,,,,Canberra
50,Canberra,Canberra,Canberra,Canberra,Canberra,,1,,,,Canberra
51,Ottawa,Ottawa,Ottawa,Boston,Ottawa,,0,,,,Canberra
52,Canberra,Canberra,Canberra,Canberra,Canberra,,1,,,,Canberra
53,Geneva,Geneva,Geneva,Geneva,Canberra,,1,,,,Canberra
54,Canberra,Canberra,Canberra,Ottawa,Ottawa,,0,,,,Canberra
55,Ottawa,Ottawa,Ottawa,Ottawa,Ottawa,,0,,,,Canberra
56,Boston,Boston,Boston,Boston,Boston,,0,,,,Canberra
57,Canberra,Canberra,Canberra,Canberra,Canberra,,1,,,,Canberra
58,Canberra,Canberra,Canberra,Canberra,Canberra,,1,,,,Canberra
59,Canberra,Canberra,Canberra,Canberra,Canberra,,1,,,,Canberra
60,Geneva,Geneva,Boston,Boston,Geneva,,0,,,,Canberra
61,Canberra,Canberra,Canberra,Canberra,Canberra,,1,,,,Canberra
62,Canberra,Canberra,Canberra,Canberra,Canberra,,1,,,,Canberra
63,Canberra,Canberra,Canberra,Canberra,Canberra,,1,,,,Canberra
64,Canberra,Canberra,Canberra,Canberra,Canberra,,1,,,,Canberra
65,Canberra,Canberra,Canberra,Canberra,Geneva,,0,,,,Canberra
66,Boston,Boston,Canberra,Boston,Canberra,,1,,,,Canberra
67,Canberra,Canberra,Canberra,Canberra,Canberra,,1,,,,Canberra
68,Canberra,Canberra,Canberra,Canberra,Canberra,,1,,,,Canberra
69,Canberra,Canberra,Canberra,Canberra,Canberra,,1,,,,Canberra
70,Canberra,Canberra,Ottawa,Ottawa,Ottawa,,0,,,,Canberra
71,Canberra,Canberra,Canberra,Canberra,Canberra,,1,,,,Canberra
72,Geneva,Geneva,Boston,Boston,Boston,,0,,,,Canberra
73,Canberra,Canberra,Canberra,Canberra,Canberra,,1,,,,Canberra
74,Canberra,Canberra,Canberra,Canberra,Canberra,,1,,,,Canberra
75,Boston,Geneva,Geneva,Geneva,Geneva,,0,,,,Canberra
76,Ottawa,Ottawa,Ottawa,Ottawa,Canberra,,1,,,,Canberra
77,Canberra,Canberra,Canberra,Boston,Canberra,,1,,,,Canberra
78,Canberra,Canberra,Canberra,Canberra,Ottawa,,0,,,,Canberra
79,Canberra,Canberra,Canberra,Canberra,Canberra,,1,,,,Canberra
80,Canberra,Canberra,Canberra,Canberra,Canberra,,1,,,,Canberra
81,Canberra,Canberra,Canberra,Canberra,Canberra,,1,,,,Canberra
82,Canberra,Canberra,Canberra,Geneva,Ottawa,,0,,,,Canberra
83,Canberra,Canberra,Canberra,Canberra,Canberra,,1,,,,Canberra
84,Canberra,Canberra,Canberra,Ottawa,Canberra,,1,,,,Canberra
85,Canberra,Canberra,Canberra,Canberra,Canberra,,1,,,,Canberra
86,Boston,Boston,Boston,Boston,Canberra,,1,,,,Canberra
87,Canberra,Canberra,Canberra,Canberra,Canberra,,1,,,,Canberra
88,Geneva,Geneva,Geneva,Geneva,Canberra,,1,,,,Canberra
89,Geneva,Geneva,Geneva,Canberra,Canberra,,1,,,,Canberra
90,Ottawa,Ottawa,Ottawa,Ottawa,Ottawa,,0,,,,Canberra
91,Canberra,Canberra,Canberra,Canberra,Canberra,,1,,,,Canberra
92,Canberra,Canberra,Canberra,Canberra,Canberra,,1,,,,Canberra
93,Canberra,Canberra,Canberra,Canberra,Canberra,,1,,,,Canberra
94,Canberra,Canberra,Canberra,Canberra,Canberra,,1,,,,Canberra
95,Canberra,Canberra,Canberra,Canberra,Canberra,,1,,,,Canberra
96,Ottawa,Ottawa,Ottawa,Ottawa,Ottawa,,0,,,,Canberra
97,Canberra,Canberra,Ottawa,Geneva,Ottawa,,0,,,,Canberra
98,Ottawa,Ottawa,Canberra,Canberra,Canberra,,1,,,,Canberra
99,Canberra,Canberra,Canberra,Geneva,Canberra,,1,,,,Canberra
100,Canberra,Canberra,Canberra,Canberra,Canberra,,1,,,,Canberra
101,Geneva,Geneva,Geneva,Geneva,Geneva,,0,,,,Canberra
102,Canberra,Canberra,Canberra,Canberra,Canberra,,1,,,,Canberra
103,Canberra,Canberra,Canberra,Canberra,Canberra,,1,,,,Canberra
104,Canberra,Canberra,Ottawa,Ottawa,Canberra,,1,,,,Canberra
105,Ottawa,Ottawa,Ottawa,Ottawa,Ottawa,,0,,,,Canberra
106,Canberra,Canberra,Canberra,Canberra,Canberra,,1,,,,Canberra
107,Canberra,Canberra,Canberra,Canberra,Canberra,,1,,,,Canberra
108,Canberra,Canberra,Canberra,Canberra,Canberra,,1,,,,Canberra
109,Canberra,Canberra,Canberra,Canberra,Canberra,,1,,,,Canberra
110,Canberra,Canberra,Canberra,Canberra,Canberra,,1,,,,Canberra
111,Canberra,Canberra,Canberra,Geneva,Canberra,,1,,,,Canberra
112,Geneva,Geneva,Geneva,Geneva,Geneva,,0,,,,Canberra
113,Canberra,Canberra,Canberra,Canberra,Canberra,,1,,,,Canberra
114,Canberra,Canberra,Canberra,Canberra,Canberra,,1,,,,Canberra
115,Canberra,Canberra,Canberra,Canberra,Canberra,,1,,,,Canberra
116,Canberra,Canberra,Canberra,Canberra,Canberra,,1,,,,Canberra
117,Ottawa,Geneva,Ottawa,Geneva,Geneva,,0,,,,Canberra
118,Boston,Boston,Ottawa,Boston,Ottawa,,0,,,,Canberra
119,Canberra,Canberra,Canberra,Canberra,Canberra,,1,,,,Canberra
120,Canberra,Canberra,Canberra,Ottawa,Canberra,,1,,,,Canberra
121,Canberra,Canberra,Canberra,Canberra,Canberra,,1,,,,Canberra
122,Geneva,Geneva,Geneva,Geneva,Geneva,,0,,,,Canberra
123,Canberra,Canberra,Canberra,Canberra,Canberra,,1,,,,Canberra
124,Canberra,Canberra,Canberra,Canberra,Canberra,,1,,,,Canberra
125,Boston,Boston,Boston,Boston,Boston,,0,,,,Canberra
126,Canberra,Canberra,Canberra,Canberra,Canberra,,1,,,,Canberra
127,Boston,Boston,Boston,Boston,Boston,,0,,,,Canberra
128,Canberra,Canberra,Canberra,Canberra,Canberra,,1,,,,Canberra
129,Canberra,Canberra,Canberra,Canberra,Canberra,,1,,,,Canberra
130,Ottawa,Ottawa,Ottawa,Ottawa,Ottawa,,0,,,,Canberra
131,Canberra,Canberra,Canberra,Boston,Canberra,,1,,,,Canberra
132,Canberra,Canberra,Canberra,Geneva,Geneva,,0,,,,Canberra
133,Canberra,Canberra,Canberra,Canberra,Canberra,,1,,,,Canberra
134,Canberra,Canberra,Canberra,Geneva,Canberra,,1,,,,Canberra
135,Canberra,Canberra,Canberra,Geneva,Geneva,,0,,,,Canberra
136,Ottawa,Ottawa,Ottawa,Ottawa,Canberra,,1,,,,Canberra
137,Canberra,Canberra,Canberra,Canberra,Canberra,,1,,,,Canberra
138,Ottawa,Boston,Canberra,Canberra,Canberra,,1,,,,Canberra
139,Canberra,Canberra,Canberra,Canberra,Canberra,,1,,,,Canberra
140,Canberra,Canberra,Canberra,Canberra,Canberra,,1,,,,Canberra
141,Canberra,Canberra,Canberra,Canberra,Canberra,,1,,,,Canberra
142,Ottawa,Ottawa,Ottawa,Ottawa,Ottawa,,0,,,,Canberra
143,Canberra,Canberra,Canberra,Canberra,Canberra,,1,,,,Canberra
144,Ottawa,Ottawa,Ottawa,Ottawa,Canberra,,1,,,,Canberra
145,Canberra,Canberra,Canberra,Canberra,Canberra,,1,,,,Canberra
146,Canberra,Canberra,Canberra,Canberra,Canberra,,1,,,,Canberra
147,Ottawa,Geneva,Ottawa,Ottawa,Canberra,,1,,,,Canberra
148,Canberra,Canberra,Canberra,Canberra,Canberra,,1,,,,Canberra
149,Boston,Boston,Ottawa,Geneva,Geneva,,0,,,,Canberra
150,Ottawa,Ottawa,Ottawa,Ottawa,Ottawa,,1,,,,Ottawa
151,Canberra,Canberra,Canberra,Ottawa,Ottawa,,1,,,,Ottawa
152,Boston,Boston,Boston,Boston,Boston,,0,,,,Ottawa
153,Geneva,Geneva,Geneva,Geneva,Ottawa,,1,,,,Ottawa
154,Geneva,Geneva,Ottawa,Ottawa,Ottawa,,1,,,,Ottawa
155,Canberra,Canberra,Canberra,Canberra,Canberra,,0,,,,Ottawa
156,Ottawa,Ottawa,Ottawa,Ottawa,Ottawa,,1,,,,Ottawa
157,Ottawa,Geneva,Geneva,Geneva,Geneva,,0,,,,Ottawa
158,Boston,Boston,Boston,Boston,Boston,,0,,,,Ottawa
159,Ottawa,Ottawa,Ottawa,Ottawa,Ottawa,,1,,,,Ottawa
160,Geneva,Geneva,Geneva,Geneva,Geneva,,0,,,,Ottawa
161,Canberra,Canberra,Boston,Ottawa,Ottawa,,1,,,,Ottawa
162,Geneva,Geneva,Ottawa,Geneva,Geneva,,0,,,,Ottawa
163,Canberra,Canberra,Canberra,Canberra,Canberra,,0,,,,Ottawa
164,Canberra,Canberra,Canberra,Canberra,Canberra,,0,,,,Ottawa
165,Canberra,Canberra,Canberra,Ottawa,Canberra,,0,,,,Ottawa
166,Boston,Boston,Boston,Boston,Ottawa,,1,,,,Ottawa
167,Boston,Canberra,Canberra,Geneva,Canberra,,0,,,,Ottawa
168,Ottawa,Ottawa,Ottawa,Ottawa,Ottawa,,1,,,,Ottawa
169,Canberra,Canberra,Canberra,Canberra,Canberra,,0,,,,Ottawa
170,Ottawa,Ottawa,Ottawa,Ottawa,Ottawa,,1,,,,Ottawa
171,Ottawa,Ottawa,Ottawa,Ottawa,Ottawa,,1,,,,Ottawa
172,Geneva,Geneva,Geneva,Geneva,Geneva,,0,,,,Ottawa
173,Ottawa,Ottawa,Ottawa,Geneva,Ottawa,,1,,,,Ottawa
174,Ottawa,Ottawa,Ottawa,Geneva,Ottawa,,1,,,,Ottawa
175,Ottawa,Ottawa,Ottawa,Ottawa,Ottawa,,1,,,,Ottawa
176,Ottawa,Ottawa,Ottawa,Canberra,Ottawa,,1,,,,Ottawa
177,Ottawa,Ottawa,Ottawa,Geneva,Ottawa,,1,,,,Ottawa
178,Canberra,Canberra,Canberra,Canberra,Canberra,,0,,,,Ottawa
179,Ottawa,Ottawa,Ottawa,Ottawa,Ottawa,,1,,,,Ottawa
180,Geneva,Canberra,Geneva,Geneva,Ottawa,,1,,,,Ottawa
181,Ottawa,Ottawa,Ottawa,Ottawa,Ottawa,,1,,,,Ottawa
182,Geneva,Geneva,Geneva,Ottawa,Geneva,,0,,,,Ottawa
183,Canberra,Canberra,Canberra,Ottawa,Canberra,,0,,,,Ottawa
184,Ottawa,Ottawa,Ottawa,Ottawa,Ottawa,,1,,,,Ottawa
185,Geneva,Geneva,Geneva,Geneva,Geneva,,0,,,,Ottawa
186,Boston,Boston,Boston,Ottawa,Ottawa,,1,,,,Ottawa
187,Boston,Boston,Boston,Ottawa,Canberra,,0,,,,Ottawa
188,Ottawa,Ottawa,Ottawa,Ottawa,Ottawa,,1,,,,Ottawa
189,Canberra,Canberra,Canberra,Canberra,Ottawa,,1,,,,Ottawa
190,Ottawa,Ottawa,Ottawa,Ottawa,Ottawa,,1,,,,Ottawa
191,Ottawa,Ottawa,Boston,Ottawa,Canberra,,0,,,,Ottawa
192,Ottawa,Ottawa,Ottawa,Ottawa,Ottawa,,1,,,,Ottawa
193,Boston,Boston,Boston,Boston,Boston,,0,,,,Ottawa
194,Boston,Boston,Boston,Boston,Boston,,0,,,,Ottawa
195,Ottawa,Ottawa,Ottawa,Ottawa,Ottawa,,1,,,,Ottawa
196,Ottawa,Ottawa,Ottawa,Ottawa,Ottawa,,1,,,,Ottawa
197,Ottawa,Ottawa,Geneva,Geneva,Geneva,,0,,,,Ottawa
198,Ottawa,Ottawa,Ottawa,Ottawa,Ottawa,,1,,,,Ottawa
199,Ottawa,Ottawa,Ottawa,Ottawa,Ottawa,,1,,,,Ottawa
200,Ottawa,Ottawa,Boston,Ottawa,Ottawa,,1,,,,Ottawa
201,Ottawa,Ottawa,Ottawa,Ottawa,Ottawa,,1,,,,Ottawa
202,Ottawa,Ottawa,Ottawa,Ottawa,Ottawa,,1,,,,Ottawa
203,Ottawa,Ottawa,Ottawa,Ottawa,Ottawa,,1,,,,Ottawa
204,Ottawa,Ottawa,Ottawa,Geneva,Geneva,,0,,,,Ottawa
205,Boston,Boston,Boston,Boston,Ottawa,,1,,,,Ottawa
206,Ottawa,Ottawa,Ottawa,Ottawa,Ottawa,,1,,,,Ottawa
207,Ottawa,Ottawa,Ottawa,Ottawa,Ottawa,,1,,,,Ottawa
208,Ottawa,Ottawa,Ottawa,Ottawa,Ottawa,,1,,,,Ottawa
209,Canberra,Canberra,Canberra,Boston,Canberra,,0,,,,Ottawa
210,Ottawa,Ottawa,Ottawa,Ottawa,Ottawa,,1,,,,Ottawa
211,Ottawa,Ottawa,Ottawa,Ottawa,Ottawa,,1,,,,Ottawa
212,Ottawa,Ottawa,Boston,Canberra,Canberra,,0,,,,Ottawa
213,Boston,Boston,Boston,Boston,Ottawa,,1,,,,Ottawa
214,Ottawa,Ottawa,Ottawa,Ottawa,Ottawa,,1,,,,Ottawa
215,Ottawa,Ottawa,Ottawa,Ottawa,Ottawa,,1,,,,Ottawa
216,Geneva,Geneva,Geneva,Ottawa,Ottawa,,1,,,,Ottawa
217,Ottawa,Ottawa,Ottawa,Ottawa,Ottawa,,1,,,,Ottawa
218,Ottawa,Boston,Ottawa,Ottawa,Ottawa,,1,,,,Ottawa
219,Ottawa,Ottawa,Ottawa,Geneva,Ottawa,,1,,,,Ottawa
220,Ottawa,Ottawa,Ottawa,Ottawa,Ottawa,,1,,,,Ottawa
221,Ottawa,Ottawa,Ottawa,Ottawa,Ottawa,,1,,,,Ottawa
222,Geneva,Geneva,Geneva,Geneva,Ottawa,,1,,,,Ottawa
223,Canberra,Canberra,Canberra,Canberra,Canberra,,0,,,,Ottawa
224,Ottawa,Ottawa,Ottawa,Ottawa,Ottawa,,1,,,,Ottawa
225,Canberra,Canberra,Boston,Ottawa,Boston,,0,,,,Ottawa
226,Ottawa,Ottawa,Canberra,Canberra,Canberra,,0,,,,Ottawa
227,Ottawa,Ottawa,Ottawa,Ottawa,Ottawa,,1,,,,Ottawa
228,Ottawa,Ottawa,Ottawa,Canberra,Canberra,,0,,,,Ottawa
229,Boston,Boston,Boston,Boston,Boston,,0,,,,Ottawa
230,Canberra,Geneva,Canberra,Ottawa,Ottawa,,1,,,,Ottawa
231,Ottawa,Ottawa,Ottawa,Ottawa,Ottawa,,1,,,,Ottawa
232,Geneva,Geneva,Geneva,Ottawa,Canberra,,0,,,,Ottawa
233,Canberra,Canberra,Canberra,Boston,Boston,,0,,,,Ottawa
234,Boston,Boston,Boston,Boston,Ottawa,,1,,,,Ottawa
235,Canberra,Canberra,Ottawa,Ottawa,Canberra,,0,,,,Ottawa
236,Ottawa,Ottawa,Ottawa,Geneva,Ottawa,,1,,,,Ottawa
237,Ottawa,Ottawa,Boston,Ottawa,Ottawa,,1,,,,Ottawa
238,Ottawa,Geneva,Geneva,Ottawa,Geneva,,0,,,,Ottawa
239,Canberra,Canberra,Canberra,Canberra,Boston,,0,,,,Ottawa
240,Ottawa,Ottawa,Ottawa,Ottawa,Ottawa,,1,,,,Ottawa
241,Canberra,Ottawa,Canberra,Canberra,Canberra,,0,,,,Ottawa
242,Ottawa,Ottawa,Ottawa,Ottawa,Ottawa,,1,,,,Ottawa
243,Ottawa,Ottawa,Ottawa,Ottawa,Ottawa,,1,,,,Ottawa
244,Ottawa,Ottawa,Ottawa,Ottawa,Canberra,,0,,,,Ottawa
245,Canberra,Canberra,Canberra,Canberra,Canberra,,0,,,,Ottawa
246,Boston,Boston,Boston,Boston,Boston,,0,,,,Ottawa
247,Ottawa,Ottawa,Ottawa,Ottawa,Ottawa,,1,,,,Ottawa
248,Canberra,Canberra,Canberra,Canberra,Canberra,,0,,,,Ottawa
249,Ottawa,Ottawa,Ottawa,Ottawa,Ottawa,,1,,,,Ottawa
250,Ottawa,Ottawa,Canberra,Canberra,Canberra,,0,,,,Ottawa
251,Ottawa,Ottawa,Ottawa,Ottawa,Ottawa,,1,,,,Ottawa
252,Ottawa,Ottawa,Ottawa,Ottawa,Ottawa,,1,,,,Ottawa
253,Ottawa,Ottawa,Ottawa,Ottawa,Ottawa,,1,,,,Ottawa
254,Ottawa,Ottawa,Ottawa,Geneva,Ottawa,,1,,,,Ottawa
255,Boston,Boston,Boston,Ottawa,Ottawa,,1,,,,Ottawa
256,Ottawa,Ottawa,Ottawa,Ottawa,Ottawa,,1,,,,Ottawa
257,Boston,Boston,Boston,Boston,Boston,,0,,,,Ottawa
258,Ottawa,Ottawa,Ottawa,Ottawa,Boston,,0,,,,Ottawa
259,Ottawa,Ottawa,Ottawa,Ottawa,Ottawa,,1,,,,Ottawa
260,Ottawa,Ottawa,Ottawa,Ottawa,Ottawa,,1,,,,Ottawa
261,Geneva,Geneva,Ottawa,Ottawa,Ottawa,,1,,,,Ottawa
262,Ottawa,Ottawa,Ottawa,Ottawa,Ottawa,,1,,,,Ottawa
263,Geneva,Ottawa,Ottawa,Ottawa,Ottawa,,1,,,,Ottawa
264,Boston,Boston,Geneva,Boston,Geneva,,0,,,,Ottawa
265,Ottawa,Ottawa,Ottawa,Ottawa,Ottawa,,1,,,,Ottawa
266,Ottawa,Ottawa,Canberra,Ottawa,Canberra,,0,,,,Ottawa
267,Ottawa,Ottawa,Ottawa,Ottawa,Ottawa,,1,,,,Ottawa
268,Geneva,Canberra,Canberra,Canberra,Canberra,,0,,,,Ottawa
269,Canberra,Ottawa,Canberra,Ottawa,Canberra,,0,,,,Ottawa
270,Ottawa,Ottawa,Ottawa,Ottawa,Ottawa,,1,,,,Ottawa
271,Canberra,Canberra,Ottawa,Canberra,Canberra,,0,,,,Ottawa
272,Ottawa,Ottawa,Ottawa,Ottawa,Ottawa,,1,,,,Ottawa
273,Ottawa,Ottawa,Ottawa,Ottawa,Ottawa,,1,,,,Ottawa
274,Ottawa,Ottawa,Ottawa,Ottawa,Boston,,0,,,,Ottawa
275,Canberra,Canberra,Canberra,Canberra,Canberra,,0,,,,Ottawa
276,Geneva,Geneva,Geneva,Geneva,Geneva,,0,,,,Ottawa
277,Canberra,Canberra,Ottawa,Ottawa,Ottawa,,1,,,,Ottawa
278,Boston,Boston,Boston,Boston,Boston,,0,,,,Ottawa
279,Canberra,Canberra,Canberra,Canberra,Canberra,,0,,,,Ottawa
280,Ottawa,Ottawa,Ottawa,Ottawa,Ottawa,,1,,,,Ottawa
281,Ottawa,Ottawa,Ottawa,Ottawa,Ottawa,,1,,,,Ottawa
282,Ottawa,Ottawa,Ottawa,Geneva,Ottawa,,1,,,,Ottawa
283,Ottawa,Ottawa,Ottawa,Ottawa,Ottawa,,1,,,,Ottawa
284,Canberra,Canberra,Canberra,Canberra,Ottawa,,1,,,,Ottawa
285,Geneva,Geneva,Geneva,Geneva,Geneva,,0,,,,Ottawa
286,Ottawa,Ottawa,Ottawa,Geneva,Ottawa,,1,,,,Ottawa
287,Ottawa,Ottawa,Ottawa,Ottawa,Ottawa,,1,,,,Ottawa
288,Ottawa,Ottawa,Ottawa,Ottawa,Ottawa,,1,,,,Ottawa
289,Ottawa,Ottawa,Ottawa,Ottawa,Ottawa,,1,,,,Ottawa
290,Ottawa,Ottawa,Canberra,Canberra,Ottawa,,1,,,,Ottawa
291,Ottawa,Ottawa,Ottawa,Geneva,Ottawa,,1,,,,Ottawa
292,Ottawa,Ottawa,Ottawa,Ottawa,Ottawa,,1,,,,Ottawa
293,Ottawa,Ottawa,Ottawa,Ottawa,Ottawa,,1,,,,Ottawa
294,Boston,Boston,Boston,Boston,Canberra,,0,,,,Ottawa
295,Boston,Boston,Ottawa,Boston,Ottawa,,1,,,,Ottawa
296,Ottawa,Ottawa,Ottawa,Ottawa,Ottawa,,1,,,,Ottawa
297,Boston,Boston,Boston,Canberra,Canberra,,0,,,,Ottawa
298,Ottawa,Ottawa,Ottawa,Ottawa,Canberra,,0,,,,Ottawa
299,Ottawa,Ottawa,Ottawa,Ottawa,Ottawa,,1,,,,Ottawa
300,Ottawa,Ottawa,Boston,Boston,Boston,,1,,,,Boston
301,Boston,Boston,Boston,Canberra,Boston,,1,,,,Boston
302,Boston,Boston,Boston,Boston,Boston,,1,,,,Boston
303,Canberra,Canberra,Canberra,Ottawa,Canberra,,0,,,,Boston
304,Ottawa,Ottawa,Ottawa,Ottawa,Ottawa,,0,,,,Boston
305,Boston,Boston,Boston,Boston,Boston,,1,,,,Boston
306,Canberra,Canberra,Boston,Boston,Canberra,,0,,,,Boston
307,Boston,Boston,Boston,Boston,Boston,,1,,,,Boston
308,Canberra,Ottawa,Canberra,Ottawa,Ottawa,,0,,,,Boston
309,Boston,Boston,Boston,Boston,Boston,,1,,,,Boston
310,Boston,Boston,Boston,Boston,Boston,,1,,,,Boston
311,Ottawa,Ottawa,Ottawa,Geneva,Ottawa,,0,,,,Boston
312,Geneva,Geneva,Geneva,Geneva,Geneva,,0,,,,Boston
313,Boston,Boston,Canberra,Canberra,Canberra,,0,,,,Boston
314,Ottawa,Ottawa,Boston,Ottawa,Ottawa,,0,,,,Boston
315,Canberra,Canberra,Canberra,Canberra,Canberra,,0,,,,Boston
316,Ottawa,Ottawa,Geneva,Ottawa,Geneva,,0,,,,Boston
317,Boston,Boston,Boston,Boston,Boston,,1,,,,Boston
318,Boston,Boston,Ottawa,Ottawa,Ottawa,,0,,,,Boston
319,Ottawa,Canberra,Ottawa,Canberra,Canberra,,0,,,,Boston
320,Canberra,Canberra,Canberra,Ottawa,Ottawa,,0,,,,Boston
321,Canberra,Canberra,Boston,Geneva,Geneva,,0,,,,Boston
322,Boston,Boston,Boston,Boston,Boston,,1,,,,Boston
323,Boston,Boston,Boston,Boston,Boston,,1,,,,Boston
324,Canberra,Geneva,Canberra,Geneva,Canberra,,0,,,,Boston
325,Boston,Boston,Boston,Boston,Boston,,1,,,,Boston
326,Boston,Boston,Boston,Boston,Boston,,1,,,,Boston
327,Boston,Boston,Boston,Boston,Boston,,1,,,,Boston
328,Canberra,Canberra,Canberra,Canberra,Canberra,,0,,,,Boston
329,Boston,Boston,Boston,Boston,Boston,,1,,,,Boston
330,Canberra,Ottawa,Canberra,Canberra,Ottawa,,0,,,,Boston
331,Boston,Boston,Boston,Boston,Boston,,1,,,,Boston
332,Boston,Boston,Boston,Boston,Boston,,1,,,,Boston
333,Ottawa,Ottawa,Ottawa,Ottawa,Ottawa,,0,,,,Boston
334,Boston,Boston,Boston,Boston,Boston,,1,,,,Boston
335,Boston,Boston,Boston,Boston,Boston,,1,,,,Boston
336,Boston,Boston,Boston,Boston,Boston,,1,,,,Boston
337,Boston,Boston,Boston,Boston,Boston,,1,,,,Boston
338,Boston,Boston,Boston,Boston,Boston,,1,,,,Boston
339,Canberra,Canberra,Canberra,Canberra,Canberra,,0,,,,Boston
340,Boston,Boston,Boston,Boston,Boston,,1,,,,Boston
341,Boston,Boston,Boston,Boston,Boston,,1,,,,Boston
342,Boston,Boston,Ottawa,Ottawa,Boston,,1,,,,Boston
343,Boston,Boston,Boston,Ottawa,Boston,,1,,,,Boston
344,Boston,Boston,Boston,Boston,Boston,,1,,,,Boston
345,Ottawa,Ottawa,Geneva,Geneva,Geneva,,0,,,,Boston
346,Boston,Boston,Boston,Boston,Boston,,1,,,,Boston
347,Boston,Boston,Boston,Boston,Boston,,1,,,,Boston
348,Boston,Boston,Geneva,Boston,Canberra,,0,,,,Boston
349,Boston,Boston,Boston,Boston,Boston,,1,,,,Boston
350,Boston,Boston,Boston,Boston,Boston,,1,,,,Boston
351,Boston,Boston,Boston,Boston,Boston,,1,,,,Boston
352,Ottawa,Ottawa,Ottawa,Ottawa,Geneva,,0,,,,Boston
353,Boston,Boston,Boston,Boston,Boston,,1,,,,Boston
354,Boston,Boston,Boston,Boston,Boston,,1,,,,Boston
355,Boston,Boston,Boston,Boston,Boston,,1,,,,Boston
356,Boston,Boston,Boston,Boston,Boston,,1,,,,Boston
357,Boston,Boston,Boston,Boston,Boston,,1,,,,Boston
358,Boston,Boston,Boston,Boston,Boston,,1,,,,Boston
359,Boston,Boston,Boston,Boston,Boston,,1,,,,Boston
360,Boston,Boston,Boston,Ottawa,Boston,,1,,,,Boston
361,Boston,Boston,Boston,Boston,Boston,,1,,,,Boston
362,Boston,Boston,Boston,Boston,Boston,,1,,,,Boston
363,Boston,Boston,Boston,Boston,Boston,,1,,,,Boston
364,Ottawa,Ottawa,Ottawa,Ottawa,Ottawa,,0,,,,Boston
365,Boston,Boston,Boston,Boston,Boston,,1,,,,Boston
366,Boston,Boston,Boston,Boston,Boston,,1,,,,Boston
367,Canberra,Canberra,Canberra,Geneva,Geneva,,0,,,,Boston
368,Geneva,Geneva,Boston,Boston,Boston,,1,,,,Boston
369,Boston,Boston,Boston,Boston,Boston,,1,,,,Boston
370,Ottawa,Ottawa,Boston,Ottawa,Boston,,1,,,,Boston
371,Boston,Boston,Boston,Boston,Boston,,1,,,,Boston
372,Boston,Boston,Boston,Boston,Boston,,1,,,,Boston
373,Boston,Boston,Boston,Boston,Boston,,1,,,,Boston
374,Ottawa,Ottawa,Ottawa,Ottawa,Ottawa,,0,,,,Boston
375,Boston,Boston,Boston,Boston,Canberra,,0,,,,Boston
376,Ottawa,Ottawa,Ottawa,Ottawa,Ottawa,,0,,,,Boston
377,Canberra,Canberra,Canberra,Canberra,Canberra,,0,,,,Boston
378,Boston,Boston,Boston,Boston,Boston,,1,,,,Boston
379,Boston,Boston,Boston,Ottawa,Boston,,1,,,,Boston
380,Boston,Boston,Boston,Boston,Boston,,1,,,,Boston
381,Ottawa,Ottawa,Ottawa,Boston,Ottawa,,0,,,,Boston
382,Boston,Boston,Boston,Boston,Boston,,1,,,,Boston
383,Boston,Boston,Boston,Boston,Boston,,1,,,,Boston
384,Boston,Boston,Boston,Boston,Boston,,1,,,,Boston
385,Canberra,Canberra,Canberra,Canberra,Canberra,,0,,,,Boston
386,Ottawa,Ottawa,Ottawa,Ottawa,Ottawa,,0,,,,Boston
387,Boston,Boston,Boston,Boston,Boston,,1,,,,Boston
388,Boston,Boston,Boston,Boston,Boston,,1,,,,Boston
389,Boston,Boston,Boston,Boston,Boston,,1,,,,Boston
390,Boston,Boston,Boston,Boston,Boston,,1,,,,Boston
391,Boston,Boston,Boston,Boston,Boston,,1,,,,Boston
392,Boston,Boston,Boston,Boston,Boston,,1,,,,Boston
393,Boston,Boston,Boston,Boston,Boston,,1,,,,Boston
394,Boston,Boston,Boston,Boston,Boston,,1,,,,Boston
395,Boston,Boston,Boston,Boston,Boston,,1,,,,Boston
396,Geneva,Geneva,Geneva,Geneva,Geneva,,0,,,,Boston
397,Geneva,Geneva,Geneva,Geneva,Boston,,1,,,,Boston
398,Boston,Boston,Boston,Boston,Boston,,1,,,,Boston
399,Boston,Boston,Boston,Boston,Boston,,1,,,,Boston
400,Boston,Boston,Boston,Boston,Boston,,1,,,,Boston
401,Boston,Boston,Boston,Boston,Boston,,1,,,,Boston
402,Boston,Boston,Boston,Boston,Boston,,1,,,,Boston
403,Boston,Boston,Boston,Boston,Boston,,1,,,,Boston
404,Boston,Boston,Boston,Boston,Boston,,1,,,,Boston
405,Boston,Boston,Boston,Boston,Boston,,1,,,,Boston
406,Ottawa,Ottawa,Ottawa,Ottawa,Ottawa,,0,,,,Boston
407,Boston,Boston,Boston,Boston,Boston,,1,,,,Boston
408,Geneva,Geneva,Canberra,Canberra,Canberra,,0,,,,Boston
409,Boston,Boston,Boston,Boston,Boston,,1,,,,Boston
410,Boston,Boston,Boston,Boston,Boston,,1,,,,Boston
411,Canberra,Boston,Ottawa,Geneva,Ottawa,,0,,,,Boston
412,Boston,Boston,Boston,Boston,Boston,,1,,,,Boston
413,Geneva,Geneva,Boston,Geneva,Geneva,,0,,,,Boston
414,Boston,Boston,Boston,Boston,Boston,,1,,,,Boston
415,Boston,Boston,Boston,Boston,Boston,,1,,,,Boston
416,Boston,Boston,Boston,Boston,Boston,,1,,,,Boston
417,Boston,Boston,Boston,Boston,Boston,,1,,,,Boston
418,Geneva,Geneva,Geneva,Geneva,Boston,,1,,,,Boston
419,Boston,Boston,Boston,Boston,Boston,,1,,,,Boston
420,Boston,Boston,Boston,Boston,Boston,,1,,,,Boston
421,Boston,Boston,Boston,Boston,Boston,,1,,,,Boston
422,Boston,Boston,Boston,Boston,Boston,,1,,,,Boston
423,Boston,Boston,Boston,Boston,Boston,,1,,,,Boston
424,Ottawa,Ottawa,Boston,Ottawa,Ottawa,,0,,,,Boston
425,Geneva,Geneva,Ottawa,Ottawa,Ottawa,,0,,,,Boston
426,Boston,Boston,Boston,Boston,Boston,,1,,,,Boston
427,Boston,Boston,Boston,Boston,Boston,,1,,,,Boston
428,Boston,Boston,Boston,Boston,Boston,,1,,,,Boston
429,Ottawa,Ottawa,Boston,Ottawa,Ottawa,,0,,,,Boston
430,Boston,Boston,Boston,Boston,Boston,,1,,,,Boston
431,Boston,Boston,Boston,Boston,Boston,,1,,,,Boston
432,Ottawa,Ottawa,Ottawa,Ottawa,Ottawa,,0,,,,Boston
433,Boston,Boston,Boston,Geneva,Boston,,1,,,,Boston
434,Boston,Boston,Boston,Boston,Boston,,1,,,,Boston
435,Boston,Boston,Boston,Ottawa,Ottawa,,0,,,,Boston
436,Boston,Boston,Boston,Boston,Boston,,1,,,,Boston
437,Boston,Boston,Boston,Boston,Boston,,1,,,,Boston
438,Ottawa,Ottawa,Ottawa,Ottawa,Ottawa,,0,,,,Boston
439,Canberra,Canberra,Canberra,Ottawa,Ottawa,,0,,,,Boston
440,Boston,Boston,Boston,Boston,Boston,,1,,,,Boston
441,Ottawa,Ottawa,Boston,Ottawa,Ottawa,,0,,,,Boston
442,Boston,Boston,Boston,Boston,Boston,,1,,,,Boston
443,Geneva,Geneva,Geneva,Geneva,Geneva,,0,,,,Boston
444,Geneva,Canberra,Geneva,Boston,Boston,,1,,,,Boston
445,Boston,Boston,Boston,Boston,Boston,,1,,,,Boston
446,Boston,Boston,Boston,Boston,Boston,,1,,,,Boston
447,Geneva,Geneva,Geneva,Geneva,Geneva,,0,,,,Boston
448,Boston,Boston,Boston,Boston,Boston,,1,,,,Boston
449,Boston,Boston,Boston,Boston,Boston,,1,,,,Boston
450,Geneva,Geneva,Geneva,Geneva,Geneva,,1,,,,Geneva
451,Canberra,Canberra,Geneva,Boston,Boston,,0,,,,Geneva
452,Canberra,Canberra,Canberra,Ottawa,Boston,,0,,,,Geneva
453,Boston,Boston,Boston,Boston,Boston,,0,,,,Geneva
454,Geneva,Geneva,Geneva,Geneva,Geneva,,1,,,,Geneva
455,Geneva,Geneva,Geneva,Geneva,Geneva,,1,,,,Geneva
456,Geneva,Geneva,Geneva,Geneva,Geneva,,1,,,,Geneva
457,Geneva,Geneva,Geneva,Geneva,Geneva,,1,,,,Geneva
458,Geneva,Geneva,Geneva,Geneva,Geneva,,1,,,,Geneva
459,Geneva,Geneva,Geneva,Geneva,Geneva,,1,,,,Geneva
460,Geneva,Geneva,Geneva,Geneva,Geneva,,1,,,,Geneva
461,Geneva,Geneva,Geneva,Geneva,Geneva,,1,,,,Geneva
462,Ottawa,Ottawa,Geneva,Geneva,Geneva,,1,,,,Geneva
463,Geneva,Geneva,Geneva,Geneva,Geneva,,1,,,,Geneva
464,Boston,Boston,Canberra,Boston,Boston,,0,,,,Geneva
465,Geneva,Geneva,Geneva,Geneva,Geneva,,1,,,,Geneva
466,Boston,Boston,Canberra,Geneva,Geneva,,1,,,,Geneva
467,Geneva,Geneva,Geneva,Geneva,Geneva,,1,,,,Geneva
468,Geneva,Geneva,Geneva,Geneva,Geneva,,1,,,,Geneva
469,Boston,Boston,Boston,Boston,Boston,,0,,,,Geneva
470,Geneva,Geneva,Geneva,Geneva,Geneva,,1,,,,Geneva
471,Geneva,Geneva,Geneva,Geneva,Geneva,,1,,,,Geneva
472,Geneva,Geneva,Geneva,Geneva,Geneva,,1,,,,Geneva
473,Geneva,Geneva,Geneva,Geneva,Geneva,,1,,,,Geneva
474,Geneva,Geneva,Geneva,Geneva,Geneva,,1,,,,Geneva
475,Geneva,Geneva,Geneva,Geneva,Boston,,0,,,,Geneva
476,Geneva,Geneva,Geneva,Geneva,Geneva,,1,,,,Geneva
477,Geneva,Geneva,Geneva,Geneva,Geneva,,1,,,,Geneva
478,Geneva,Geneva,Geneva,Geneva,Geneva,,1,,,,Geneva
479,Boston,Boston,Ottawa,Ottawa,Ottawa,,0,,,,Geneva
480,Geneva,Geneva,Geneva,Geneva,Geneva,,1,,,,Geneva
481,Geneva,Geneva,Geneva,Geneva,Geneva,,1,,,,Geneva
482,Geneva,Geneva,Geneva,Geneva,Geneva,,1,,,,Geneva
483,Geneva,Geneva,Geneva,Geneva,Geneva,,1,,,,Geneva
484,Ottawa,Canberra,Ottawa,Ottawa,Ottawa,,0,,,,Geneva
485,Geneva,Geneva,Geneva,Geneva,Geneva,,1,,,,Geneva
486,Geneva,Geneva,Geneva,Geneva,Geneva,,1,,,,Geneva
487,Canberra,Canberra,Canberra,Boston,Canberra,,0,,,,Geneva
488,Geneva,Geneva,Geneva,Geneva,Geneva,,1,,,,Geneva
489,Geneva,Geneva,Geneva,Geneva,Geneva,,1,,,,Geneva
490,Geneva,Geneva,Geneva,Geneva,Geneva,,1,,,,Geneva
491,Ottawa,Ottawa,Geneva,Canberra,Geneva,,1,,,,Geneva
492,Ottawa,Ottawa,Geneva,Geneva,Ottawa,,0,,,,Geneva
493,Canberra,Canberra,Canberra,Geneva,Geneva,,1,,,,Geneva
494,Geneva,Geneva,Geneva,Geneva,Geneva,,1,,,,Geneva
495,Canberra,Canberra,Geneva,Geneva,Geneva,,1,,,,Geneva
496,Geneva,Geneva,Geneva,Geneva,Geneva,,1,,,,Geneva
497,Geneva,Geneva,Geneva,Geneva,Geneva,,1,,,,Geneva
498,Geneva,Geneva,Geneva,Geneva,Geneva,,1,,,,Geneva
499,Boston,Boston,Geneva,Geneva,Boston,,0,,,,Geneva
500,Geneva,Geneva,Geneva,Geneva,Geneva,,1,,,,Geneva
501,Geneva,Geneva,Geneva,Geneva,Geneva,,1,,,,Geneva
502,Ottawa,Ottawa,Ottawa,Ottawa,Ottawa,,0,,,,Geneva
503,Geneva,Geneva,Geneva,Geneva,Geneva,,1,,,,Geneva
504,Geneva,Geneva,Geneva,Geneva,Geneva,,1,,,,Geneva
505,Geneva,Geneva,Geneva,Geneva,Geneva,,1,,,,Geneva
506,Geneva,Geneva,Geneva,Geneva,Geneva,,1,,,,Geneva
507,Geneva,Geneva,Geneva,Geneva,Geneva,,1,,,,Geneva
508,Canberra,Canberra,Geneva,Canberra,Canberra,,0,,,,Geneva
509,Geneva,Geneva,Geneva,Geneva,Geneva,,1,,,,Geneva
510,Geneva,Geneva,Geneva,Geneva,Geneva,,1,,,,Geneva
511,Boston,Boston,Geneva,Geneva,Geneva,,1,,,,Geneva
512,Boston,Boston,Geneva,Geneva,Geneva,,1,,,,Geneva
513,Geneva,Geneva,Geneva,Geneva,Geneva,,1,,,,Geneva
514,Geneva,Geneva,Geneva,Geneva,Geneva,,1,,,,Geneva
515,Geneva,Geneva,Geneva,Geneva,Geneva,,1,,,,Geneva
516,Geneva,Geneva,Geneva,Geneva,Geneva,,1,,,,Geneva
517,Geneva,Geneva,Geneva,Geneva,Geneva,,1,,,,Geneva
518,Geneva,Geneva,Geneva,Geneva,Canberra,,0,,,,Geneva
519,Geneva,Geneva,Geneva,Geneva,Geneva,,1,,,,Geneva
520,Canberra,Canberra,Canberra,Ottawa,Canberra,,0,,,,Geneva
521,Geneva,Geneva,Geneva,Geneva,Geneva,,1,,,,Geneva
522,Geneva,Geneva,Geneva,Geneva,Geneva,,1,,,,Geneva
523,Canberra,Canberra,Canberra,Canberra,Canberra,,0,,,,Geneva
524,Geneva,Geneva,Geneva,Geneva,Geneva,,1,,,,Geneva
525,Geneva,Geneva,Geneva,Geneva,Geneva,,1,,,,Geneva
526,Canberra,Canberra,Geneva,Geneva,Geneva,,1,,,,Geneva
527,Geneva,Geneva,Geneva,Geneva,Geneva,,1,,,,Geneva
528,Geneva,Geneva,Geneva,Geneva,Geneva,,1,,,,Geneva
529,Geneva,Geneva,Geneva,Geneva,Geneva,,1,,,,Geneva
530,Geneva,Geneva,Geneva,Geneva,Boston,,0,,,,Geneva
531,Geneva,Geneva,Geneva,Geneva,Geneva,,1,,,,Geneva
532,Geneva,Geneva,Geneva,Geneva,Geneva,,1,,,,Geneva
533,Geneva,Geneva,Geneva,Geneva,Geneva,,1,,,,Geneva
534,Geneva,Geneva,Geneva,Geneva,Geneva,,1,,,,Geneva
535,Canberra,Canberra,Canberra,Ottawa,Canberra,,0,,,,Geneva
536,Geneva,Geneva,Geneva,Geneva,Geneva,,1,,,,Geneva
537,Canberra,Canberra,Canberra,Canberra,Canberra,,0,,,,Geneva
538,Geneva,Geneva,Geneva,Geneva,Geneva,,1,,,,Geneva
539,Geneva,Geneva,Geneva,Geneva,Geneva,,1,,,,Geneva
540,Geneva,Geneva,Geneva,Geneva,Geneva,,1,,,,Geneva
541,Geneva,Geneva,Geneva,Geneva,Geneva,,1,,,,Geneva
542,Geneva,Geneva,Geneva,Geneva,Geneva,,1,,,,Geneva
543,Geneva,Geneva,Geneva,Geneva,Geneva,,1,,,,Geneva
544,Geneva,Geneva,Geneva,Geneva,Geneva,,1,,,,Geneva
545,Geneva,Geneva,Geneva,Geneva,Geneva,,1,,,,Geneva
546,Ottawa,Ottawa,Ottawa,Geneva,Ottawa,,0,,,,Geneva
547,Geneva,Geneva,Geneva,Geneva,Geneva,,1,,,,Geneva
548,Geneva,Boston,Canberra,Geneva,Geneva,,1,,,,Geneva
549,Geneva,Geneva,Geneva,Geneva,Geneva,,1,,,,Geneva
550,Ottawa,Ottawa,Ottawa,Ottawa,Ottawa,,0,,,,Geneva
551,Geneva,Geneva,Geneva,Geneva,Geneva,,1,,,,Geneva
552,Geneva,Geneva,Geneva,Geneva,Geneva,,1,,,,Geneva
553,Geneva,Geneva,Geneva,Geneva,Geneva,,1,,,,Geneva
554,Geneva,Geneva,Geneva,Geneva,Geneva,,1,,,,Geneva
555,Geneva,Geneva,Geneva,Geneva,Geneva,,1,,,,Geneva
556,Geneva,Geneva,Geneva,Geneva,Geneva,,1,,,,Geneva
557,Geneva,Geneva,Geneva,Geneva,Boston,,0,,,,Geneva
558,Geneva,Geneva,Geneva,Geneva,Geneva,,1,,,,Geneva
559,Geneva,Geneva,Geneva,Geneva,Geneva,,1,,,,Geneva
560,Geneva,Geneva,Geneva,Geneva,Geneva,,1,,,,Geneva
561,Geneva,Geneva,Geneva,Geneva,Geneva,,1,,,,Geneva
562,Geneva,Geneva,Geneva,Geneva,Geneva,,1,,,,Geneva
563,Geneva,Geneva,Geneva,Geneva,Geneva,,1,,,,Geneva
564,Geneva,Geneva,Geneva,Geneva,Geneva,,1,,,,Geneva
565,Geneva,Geneva,Geneva,Geneva,Geneva,,1,,,,Geneva
566,Canberra,Canberra,Geneva,Geneva,Geneva,,1,,,,Geneva
567,Canberra,Canberra,Canberra,Canberra,Canberra,,0,,,,Geneva
568,Boston,Boston,Boston,Boston,Boston,,0,,,,Geneva
569,Geneva,Geneva,Geneva,Geneva,Geneva,,1,,,,Geneva
570,Geneva,Geneva,Geneva,Geneva,Geneva,,1,,,,Geneva
571,Geneva,Geneva,Geneva,Geneva,Geneva,,1,,,,Geneva
572,Geneva,Geneva,Geneva,Geneva,Geneva,,1,,,,Geneva
573,Geneva,Geneva,Geneva,Geneva,Geneva,,1,,,,Geneva
574,Geneva,Geneva,Geneva,Geneva,Geneva,,1,,,,Geneva
575,Geneva,Geneva,Geneva,Geneva,Geneva,,1,,,,Geneva
576,Geneva,Geneva,Geneva,Geneva,Geneva,,1,,,,Geneva
577,Geneva,Geneva,Geneva,Geneva,Geneva,,1,,,,Geneva
578,Geneva,Geneva,Geneva,Geneva,Geneva,,1,,,,Geneva
579,Geneva,Geneva,Geneva,Geneva,Geneva,,1,,,,Geneva
580,Geneva,Geneva,Geneva,Geneva,Geneva,,1,,,,Geneva
581,Geneva,Geneva,Geneva,Geneva,Geneva,,1,,,,Geneva
582,Boston,Canberra,Boston,Ottawa,Boston,,0,,,,Geneva
583,Geneva,Geneva,Geneva,Geneva,Geneva,,1,,,,Geneva
584,Geneva,Geneva,Geneva,Geneva,Geneva,,1,,,,Geneva
585,Geneva,Geneva,Geneva,Geneva,Geneva,,1,,,,Geneva
586,Geneva,Geneva,Geneva,Geneva,Geneva,,1,,,,Geneva
587,Geneva,Geneva,Geneva,Geneva,Geneva,,1,,,,Geneva
588,Boston,Boston,Boston,Ottawa,Ottawa,,0,,,,Geneva
589,Geneva,Geneva,Geneva,Geneva,Geneva,,1,,,,Geneva
590,Geneva,Geneva,Geneva,Geneva,Geneva,,1,,,,Geneva
591,Geneva,Geneva,Geneva,Geneva,Geneva,,1,,,,Geneva
592,Geneva,Geneva,Boston,Geneva,Geneva,,1,,,,Geneva
593,Geneva,Geneva,Geneva,Geneva,Geneva,,1,,,,Geneva
594,Geneva,Geneva,Geneva,Geneva,Geneva,,1,,,,Geneva
595,Boston,Boston,Boston,Boston,Boston,,0,,,,Geneva
596,Ottawa,Ottawa,Ottawa,Ottawa,Ottawa,,0,,,,Geneva
597,Geneva,Geneva,Geneva,Geneva,Geneva,,1,,,,Geneva
598,Geneva,Geneva,Geneva,Geneva,Geneva,,1,,,,Geneva
599,Geneva,Geneva,Geneva,Ottawa,Geneva,,1,,,,Geneva
,,,,,,,0.715,,,,
